"1","George Orwell","1903-06-25"
"2","Jane Austen","1775-12-16"
"3","J.K. Rowling","1965-07-31"
"4","Mark Twain","1835-11-30"
"5","Maria Willis","1929-09-12"
"6","Barbara King","1972-09-04"
"7","Kevin Martin","1975-04-07"
"8","Ryan Harris","1927-06-16"
"9","Amber Murillo","1971-03-25"
"10","Ashley Shepard","1944-05-06"
"11","James Nunez","1942-10-23"
"12","Carlos Duncan","1947-09-14"
"13","Misty Vaughn","1932-12-22"
"14","James Hernandez","1974-06-04"
"15","Samuel Davenport","1948-08-25"
"16","Jason Nguyen","1965-07-22"
"17","Tara Martin","1973-08-14"
"18","Bonnie Hernandez","1935-05-09"
"19","Michael Tate","1966-04-02"
"20","Henry Daniels","1947-08-12"
"21","Jennifer Smith","1937-03-05"
"22","Kenneth Cortez","1949-12-11"
"23","Ashley Gonzalez","1958-04-18"
"24","Samantha Kennedy","1958-05-19"
"25","Johnny Franklin","1973-05-06"
"26","Sean Chen","1926-04-01"
"27","Scott Mcdaniel","1948-03-07"
"28","Jason Cowan","1954-02-27"
"29","Cory Sweeney","1972-02-18"
"30","Kathleen Dean","1936-07-02"
"31","Jonathan Mendoza","1934-11-29"
"32","Andrew Wilson","1965-09-10"
"33","Joshua Bell","1969-10-30"
"34","Shaun Morales","1963-12-24"
"35","Lisa Mills","1960-05-27"
"36","Patrick Chandler","1941-07-19"
"37","Alexandria Curry","1960-10-06"
"38","Debbie Berry","1927-09-18"
"39","Joseph Douglas","1927-11-30"
"40","David Sparks","1950-05-07"
"41","Mrs. Cindy Jackson","1971-01-01"
"42","Taylor Ruiz","1925-08-31"
"43","Shari Mason","1925-03-25"
"44","Amanda Wright","1956-05-15"
"45","Jessica Fuentes","1941-03-03"
"46","Steven Gentry","1967-04-16"
"47","Brenda Patterson","1953-02-20"
"48","Mike Powell","1954-04-27"
"49","Sarah Howard","1953-02-01"
"50","Selena May","1942-12-18"
"51","Haley Rodriguez","1964-12-02"
"52","Kristy Nguyen","1928-03-13"
"53","Cody Grant","1929-11-17"
"54","Emily Howell","1968-12-31"
"55","Kristin Johnson","1940-05-30"
"56","Elizabeth Thomas","1939-06-02"
"57","Phyllis Anderson","1960-03-03"
"58","Jason Sanchez","1955-10-15"
"59","Jacqueline Preston","1925-08-16"
"60","Veronica Rodriguez","1950-06-18"
"61","Jeremy Reynolds","1969-05-23"
"62","David Swanson","1942-09-19"
"63","Madeline Patterson","1936-02-17"
"64","Todd Villegas","1970-05-08"
"65","Jennifer Martinez","1944-02-02"
"66","Cynthia Smith","1941-08-05"
"67","Manuel Bullock","1927-07-13"
"68","David Sanford","1931-03-18"
"69","Amber Haley","1962-08-21"
"70","Nathaniel King","1965-09-06"
"71","Suzanne Avila","1946-03-24"
"72","Melissa Powell","1950-06-01"
"73","Tony Campos","1960-08-21"
"74","Ryan Martin","1974-04-03"
"75","Albert Schmidt","1933-12-24"
"76","Jordan Wang","1943-11-29"
"77","Stephanie Singh","1943-06-01"
"78","Matthew Wyatt","1958-01-13"
"79","Brandi Norman","1950-06-10"
"80","John Morrow","1937-08-09"
"81","Barbara Weiss","1932-09-14"
"82","Margaret Martin","1950-07-30"
"83","Randy Parrish","1930-08-14"
"84","Micheal Howell","1965-01-01"
"85","John Boyd","1926-08-14"
"86","James Martinez","1954-07-13"
"87","Larry Jones","1945-12-07"
"88","Craig Brown","1963-06-08"
"89","Justin Berger","1927-08-26"
"90","Monica Chapman","1948-11-12"
"91","Lisa David","1958-11-02"
"92","Jordan Bush","1967-06-20"
"93","Julie Lynch","1967-12-23"
"94","John Bell","1927-03-22"
"95","Tracy Johnson","1974-11-23"
"96","Tracy Chan MD","1930-06-26"
"97","Cory Mills","1952-04-21"
"98","Robert Beard","1971-11-06"
"99","Christopher Chapman","1967-06-14"
"100","James Sweeney","1927-05-22"
"101","Kenneth Long","1935-10-19"
"102","Andrew Williams","1955-10-10"
"103","Roberta Watkins","1937-02-28"
"104","Dylan Fuller","1958-05-01"
"105","Eric Singh","1943-06-01"
"106","Miss Amanda Sims MD","1960-04-09"
"107","John Hensley","1939-09-30"
"108","Amanda Whitehead","1972-09-02"
"109","Steven Myers","1962-05-31"
"110","Vincent Foster","1928-07-04"
"111","Jamie Evans","1928-01-20"
"112","Robert Hudson","1969-07-09"
"113","Ian Manning","1934-12-13"
"114","Joshua Lee","1924-05-29"
"115","Christina Hendrix","1964-02-12"
"116","Laura Turner","1934-04-04"
"117","Robert Dougherty","1943-03-22"
"118","Richard Stephens","1962-01-12"
"119","James Brock","1967-03-30"
"120","Brian Nichols","1924-11-24"
"121","Vanessa Joseph","1937-10-17"
"122","Susan Espinoza","1948-10-07"
"123","Teresa Rivera","1939-07-30"
"124","Andrew Young","1935-12-20"
"125","Angela Salas","1932-01-21"
"126","Randy Serrano","1924-09-18"
"127","Scott Le","1962-12-06"
"128","Brittany Martin","1945-12-12"
"129","Michelle Garcia","1947-01-21"
"130","Nicholas Griffin","1934-05-04"
"131","Kevin Washington","1961-05-03"
"132","Jeffrey Petersen","1966-09-16"
"133","Alejandro Williams","1958-10-28"
"134","Amanda Kennedy","1963-02-01"
"135","Matthew Clark","1930-09-04"
"136","Sarah Anderson","1930-12-26"
"137","Samantha Harris","1925-12-26"
"138","David Morris","1948-07-06"
"139","Danielle Peterson","1929-09-28"
"140","Jamie Hayes","1948-01-09"
"141","Johnny Anderson","1962-12-01"
"142","Caleb Chapman","1972-12-04"
"143","Lisa Cook","1964-06-05"
"144","Christina Bowman","1945-06-02"
"145","Joseph Burnett","1928-08-05"
"146","Drew Reyes","1964-09-20"
"147","Briana Lopez","1959-03-29"
"148","Miss Brenda Charles","1940-06-18"
"149","Joan Vasquez","1971-11-26"
"150","Abigail Harrison","1934-02-06"
"151","Kathryn Howell","1926-04-03"
"152","James Valenzuela","1933-11-24"
"153","Amber Burns","1944-03-16"
"154","Jason Anderson","1966-08-17"
"155","John Burton","1965-05-07"
"156","Ernest Kelly","1956-04-06"
"157","Mark Cummings","1963-11-24"
"158","Pamela Hughes","1953-12-10"
"159","Jeremiah Smith","1929-06-20"
"160","Karen Brown","1970-08-17"
"161","Ricardo Wilson","1949-02-26"
"162","Charles Moore","1942-05-08"
"163","Christopher Jacobs","1970-01-07"
"164","Kimberly Roberts","1951-03-25"
"165","Robert Black","1952-02-18"
"166","Margaret Lee","1936-12-25"
"167","Laurie Hogan","1962-03-19"
"168","Brittany Wright","1944-12-22"
"169","Susan Valencia","1965-10-14"
"170","Janice Garrison","1955-03-12"
"171","Haley Todd","1942-11-03"
"172","Corey Moore","1930-03-07"
"173","James Peterson","1927-07-17"
"174","Tiffany Chan","1936-08-21"
"175","Jessica Allen","1931-03-02"
"176","James Davis","1946-11-16"
"177","Andrew Brown","1961-10-16"
"178","Emily Powell","1932-02-23"
"179","Christopher Jones","1935-02-14"
"180","Mary Mullen","1956-06-08"
"181","Veronica Benjamin","1944-07-04"
"182","Amy Andrews MD","1962-09-13"
"183","Joseph Wolf","1936-02-03"
"184","Lawrence Cooper","1954-11-30"
"185","Michelle Arnold","1970-04-13"
"186","Anthony Johnson","1972-06-30"
"187","Gregory Reynolds","1932-10-20"
"188","Timothy Hughes","1945-01-26"
"189","James Russell","1943-01-06"
"190","Christopher Simon","1934-04-25"
"191","Leslie Austin","1972-09-29"
"192","Elizabeth Ford","1952-11-04"
"193","Natalie Copeland","1926-07-24"
"194","Andrea Taylor","1930-04-12"
"195","Danielle Tanner","1970-03-31"
"196","Kayla Watkins","1946-07-28"
"197","Ryan Sampson","1951-04-08"
"198","Jennifer Gill","1940-06-01"
"199","Dana Moore","1964-10-28"
"200","Chad Bradford","1963-12-13"
"201","Mark Miller","1931-08-21"
"202","Rita Hernandez","1928-09-02"
"203","Linda Rodgers MD","1964-07-16"
"204","Brittany Mcintyre","1955-11-17"
"205","Johnny Davis","1926-09-05"
"206","David Oliver","1943-03-13"
"207","Brian Higgins","1924-09-18"
"208","Kevin Spencer","1934-04-04"
"209","Ruth Macdonald","1968-12-09"
"210","Jennifer Marshall","1956-11-30"
"211","Stephen Bowman","1955-12-29"
"212","Dakota Scott","1970-03-05"
"213","John Stewart","1945-08-13"
"214","Craig Smith","1961-12-06"
"215","Justin Rojas","1943-04-03"
"216","Dawn Woods","1955-01-21"
"217","Joshua Mitchell","1948-10-07"
"218","Christopher Clark","1972-10-22"
"219","Debra Gonzalez","1929-12-11"
"220","Kayla Johnson","1944-12-04"
"221","Lori Payne","1960-09-27"
"222","Jessica Simpson","1965-05-16"
"223","Benjamin Grimes","1965-03-14"
"224","Michele Mejia","1940-07-06"
"225","Jennifer Middleton","1966-02-10"
"226","Anna Castillo","1967-12-31"
"227","Timothy Scott","1948-07-11"
"228","Matthew Savage","1964-02-22"
"229","Justin Martin","1967-03-28"
"230","Malik Curtis","1933-02-08"
"231","Dalton Stevens","1975-02-15"
"232","Robert Sharp","1967-02-07"
"233","Julia Brooks","1968-06-29"
"234","Kelsey Munoz","1935-01-06"
"235","Matthew Tucker","1939-08-02"
"236","Dustin Lyons MD","1940-04-04"
"237","Mary Ward","1965-02-15"
"238","Kevin Lambert","1943-12-26"
"239","Katherine Davis","1938-01-23"
"240","Terry Ellis","1965-02-15"
"241","Blake Mitchell","1926-10-26"
"242","Amanda Roach","1954-04-19"
"243","Sharon Wise","1933-06-07"
"244","Justin Gilbert","1960-06-21"
"245","Jennifer Sexton","1928-12-26"
"246","Kayla Mendoza","1926-12-12"
"247","David Gregory","1930-10-01"
"248","Robert Garcia","1936-01-30"
"249","John Woodward","1970-10-13"
"250","Philip Deleon","1947-12-26"
"251","Michelle Rivers","1953-10-31"
"252","Mckenzie Jones","1939-06-04"
"253","Jennifer Thompson","1946-05-03"
"254","Benjamin Russell","1943-10-02"
"255","Jessica Jenkins","1944-07-14"
"256","Taylor Ayala","1928-02-14"
"257","Heather Hudson","1940-01-25"
"258","Jesse Garza","1941-08-28"
"259","Debra Robinson","1942-07-01"
"260","Autumn Gardner DDS","1966-03-10"
"261","Kimberly Mills","1974-06-05"
"262","Scott Proctor","1932-07-04"
"263","Brittany Gonzales","1971-04-18"
"264","Jessica Ramos","1960-05-06"
"265","Jonathan Williams","1963-09-06"
"266","Sophia Bailey","1926-05-14"
"267","Melissa Cunningham","1946-07-05"
"268","Shane Walker","1948-12-17"
"269","Bianca Davies","1963-01-07"
"270","Lisa Santos","1953-08-10"
"271","Jonathan Meyer","1940-12-13"
"272","Angel Carter","1967-06-14"
"273","Shawna Smith","1964-10-11"
"274","Xavier Tapia","1937-08-13"
"275","Denise Schmidt","1931-08-19"
"276","Eric Anderson","1955-05-07"
"277","Amber Collins","1931-10-06"
"278","Nicholas Jimenez MD","1960-06-14"
"279","Rebecca Mack","1944-08-08"
"280","Dennis Adams","1924-06-02"
"281","Steven Young","1933-04-09"
"282","Sheila Small","1947-01-20"
"283","Julie Bates","1946-11-04"
"284","Mr. Matthew Mclaughlin","1974-12-30"
"285","Rebecca Ramos","1954-04-25"
"286","Wendy May","1930-06-16"
"287","Melissa Sawyer","1930-11-30"
"288","Timothy Hart","1955-09-05"
"289","Kelsey Salas","1959-04-05"
"290","Amber Ross","1940-01-30"
"291","Christina Reed","1950-08-22"
"292","Robert Levy","1955-02-24"
"293","Tyler Fuller","1948-07-07"
"294","Isabella Cook","1941-08-06"
"295","Samantha Williams","1948-07-18"
"296","Maria Lucero","1943-01-16"
"297","Brittany Johnson","1933-04-23"
"298","Megan Joseph","1938-12-23"
"299","Kristine Dudley","1934-08-26"
"300","David Castillo","1935-05-20"
"301","Amanda Parker","1947-12-26"
"302","Michael Martin","1946-03-19"
"303","Lisa Barrera","1926-02-12"
"304","Ian Hoffman","1970-07-29"
"305","Susan Armstrong","1965-04-12"
"306","Mrs. Christine Hughes","1937-06-24"
"307","Lisa Harris","1964-01-08"
"308","Angela Orr","1971-11-17"
"309","Joyce Robinson","1958-07-22"
"310","Sara Hooper","1925-05-15"
"311","Anthony Jimenez","1947-06-13"
"312","Michael Charles","1967-07-22"
"313","Kelly Duran","1957-11-11"
"314","Vickie Chan","1937-12-27"
"315","Matthew Warren","1931-07-09"
"316","Diana Foster","1959-06-01"
"317","Jenna Osborne","1950-04-10"
"318","Joseph Wilcox","1951-02-24"
"319","Morgan Norris","1957-05-04"
"320","Jordan Anderson","1946-08-17"
"321","Dennis Mendoza","1975-02-16"
"322","Nathaniel Anderson","1956-03-10"
"323","Crystal Brooks","1932-03-25"
"324","John Scott","1942-11-09"
"325","Dawn Fox","1928-07-20"
"326","Mark Campbell","1949-06-07"
"327","Kevin Roberts","1948-08-24"
"328","Levi Dudley","1946-05-30"
"329","Ronnie Marshall","1951-12-31"
"330","Brett Frost","1958-08-18"
"331","Aaron Austin","1925-07-20"
"332","Austin White","1953-10-19"
"333","Joseph Shah","1969-03-12"
"334","Katherine Cohen","1960-08-25"
"335","Elizabeth Young","1945-05-03"
"336","Sean Adams","1929-10-21"
"337","Roberta Whitaker","1964-12-18"
"338","Stanley Cardenas","1939-04-03"
"339","Matthew Wright","1942-05-19"
"340","Dawn Figueroa","1949-04-09"
"341","Mrs. Karen Garcia","1937-10-22"
"342","Laura Page","1935-06-16"
"343","Samuel Myers","1974-02-14"
"344","Pamela Johnson","1934-06-14"
"345","Patrick Patterson","1972-05-08"
"346","Patricia Gonzalez","1937-06-16"
"347","Gabriel Myers","1959-04-02"
"348","Mr. Gary Greene","1940-10-05"
"349","Vincent Roberts","1965-01-10"
"350","Nicholas Coleman","1938-07-25"
"351","John Lara","1964-11-03"
"352","Gary Parker","1946-05-24"
"353","Dana Brown","1941-03-17"
"354","Misty Hayes","1945-05-25"
"355","Ashley Walters","1929-09-13"
"356","Joseph Brown","1924-12-24"
"357","Jason Bailey","1952-01-20"
"358","Andrea Bennett","1968-04-21"
"359","Blake Young","1937-02-06"
"360","Sandra Baker","1966-06-29"
"361","Derek Cunningham","1947-11-16"
"362","Douglas Martin","1949-02-16"
"363","Jonathan Bailey","1970-12-25"
"364","Jacqueline Thompson","1974-12-07"
"365","Jonathan Jackson","1928-08-16"
"366","Ruth Watkins","1975-01-09"
"367","Laura Brown","1971-10-20"
"368","Jennifer Turner","1930-06-20"
"369","Mr. Tim Anderson","1942-03-13"
"370","Timothy Gonzalez","1941-05-03"
"371","Amanda Harvey","1944-12-30"
"372","James Scott","1958-11-14"
"373","David Brown","1935-02-15"
"374","Ashley Yang","1958-07-14"
"375","George Ward","1947-12-26"
"376","Wayne Frank","1931-07-04"
"377","Colleen Nunez","1932-11-27"
"378","Eddie Norman","1931-07-15"
"379","Julie Mendoza","1974-02-07"
"380","Mark Mata","1937-02-14"
"381","Trevor Turner","1936-04-17"
"382","Kevin Ewing","1970-12-14"
"383","Audrey Miller","1958-10-05"
"384","Sarah Patterson","1943-11-14"
"385","Johnny Steele","1957-08-25"
"386","Michael Lee","1950-04-10"
"387","Luis Wood","1961-06-10"
"388","Christopher Hernandez","1946-03-23"
"389","Christy Brown","1951-01-19"
"390","Shaun Macdonald","1971-08-17"
"391","Randy Hall","1925-06-24"
"392","Nicole Holder","1974-10-02"
"393","Isaiah Anderson","1937-02-16"
"394","Kristi Buckley","1944-05-07"
"395","Ethan Carlson","1935-12-02"
"396","Joshua Stevens","1940-10-31"
"397","Jessica Lawrence","1961-03-15"
"398","Suzanne Bailey","1956-09-02"
"399","Paige Lopez","1938-02-21"
"400","Anthony Martin","1958-09-29"
"401","Frank Mcmahon","1957-02-04"
"402","Jordan Anderson","1928-01-14"
"403","Veronica Bennett","1929-05-19"
"404","Suzanne Stewart MD","1926-04-22"
"405","Heidi Turner","1944-11-25"
"406","Jacob Lawson","1968-10-16"
"407","Robert Owens","1963-03-10"
"408","Candice Farmer","1947-07-02"
"409","Tyler Perry","1955-02-28"
"410","Thomas Murphy","1957-11-23"
"411","Eric Davies","1974-08-12"
"412","Michael Norton","1940-08-20"
"413","Brian Ingram","1959-11-23"
"414","Patricia Park","1956-06-12"
"415","Teresa Jackson","1947-11-29"
"416","Samantha Johnson","1937-02-22"
"417","Damon Freeman","1970-01-06"
"418","Arthur Matthews","1970-04-16"
"419","Mr. John Roberts MD","1962-06-26"
"420","Randy Scott","1967-05-03"
"421","Samantha Lane","1952-09-11"
"422","Robert Robinson","1942-04-20"
"423","Michael Campos","1959-06-25"
"424","Cynthia Moreno","1952-07-18"
